Nice, cozy, warm big bed apartment	I am happy to welcome you to my apartment in the city center! Three words: location, cosy and chic!	2024-09-16T15:09:09.678Z	Paris	https://16.design.htmlacademy.pro/static/hotel/19.jpg	https://16.design.htmlacademy.pro/static/hotel/11.jpg;https://16.design.htmlacademy.pro/static/hotel/3.jpg;https://16.design.htmlacademy.pro/static/hotel/17.jpg;https://16.design.htmlacademy.pro/static/hotel/17.jpg;https://16.design.htmlacademy.pro/static/hotel/4.jpg;https://16.design.htmlacademy.pro/static/hotel/5.jpg	true	false	5	apartment	4	8	28149	Baby seat;Washer;Towels;Fridge	vasyapupkin	48.85661	2.351499
The Pondhouse - A Magical Place	A new spacious villa, one floor. All commodities, jacuzzi and beautiful scenery. Ideal for families or friends.	2024-09-19T15:09:09.680Z	Cologne	https://16.design.htmlacademy.pro/static/hotel/1.jpg	https://16.design.htmlacademy.pro/static/hotel/2.jpg;https://16.design.htmlacademy.pro/static/hotel/11.jpg;https://16.design.htmlacademy.pro/static/hotel/7.jpg;https://16.design.htmlacademy.pro/static/hotel/11.jpg;https://16.design.htmlacademy.pro/static/hotel/2.jpg;https://16.design.htmlacademy.pro/static/hotel/17.jpg	true	true	2.7	house	4	8	16276	Laptop friendly workspace;Baby seat;Washer;Towels;Fridge	petrivanov	50.938361	6.959974
Canal View Prinsengracht	A new spacious villa, one floor. All commodities, jacuzzi and beautiful scenery. Ideal for families or friends.	2024-09-16T15:09:09.680Z	Brussels	https://16.design.htmlacademy.pro/static/hotel/11.jpg	https://16.design.htmlacademy.pro/static/hotel/1.jpg;https://16.design.htmlacademy.pro/static/hotel/4.jpg;https://16.design.htmlacademy.pro/static/hotel/4.jpg;https://16.design.htmlacademy.pro/static/hotel/19.jpg;https://16.design.htmlacademy.pro/static/hotel/2.jpg;https://16.design.htmlacademy.pro/static/hotel/1.jpg	false	true	2.8	room	4	2	44237	Fridge	vasyapupkin	50.846557	4.351697
Wood and stone place	I am happy to welcome you to my apartment in the city center! Three words: location, cosy and chic!	2024-09-15T15:09:09.681Z	Dusseldorf	https://16.design.htmlacademy.pro/static/hotel/4.jpg	https://16.design.htmlacademy.pro/static/hotel/7.jpg;https://16.design.htmlacademy.pro/static/hotel/2.jpg;https://16.design.htmlacademy.pro/static/hotel/19.jpg;https://16.design.htmlacademy.pro/static/hotel/2.jpg;https://16.design.htmlacademy.pro/static/hotel/14.jpg;https://16.design.htmlacademy.pro/static/hotel/7.jpg	true	true	3.2	room	6	6	39589	Baby seat;Washer;Towels;Fridge	petrivanov	51.225402	6.776314
Nice, cozy, warm big bed apartment	A new spacious villa, one floor. All commodities, jacuzzi and beautiful scenery. Ideal for families or friends.	2024-09-16T15:09:09.681Z	Amsterdam	https://16.design.htmlacademy.pro/static/hotel/11.jpg	https://16.design.htmlacademy.pro/static/hotel/1.jpg;https://16.design.htmlacademy.pro/static/hotel/11.jpg;https://16.design.htmlacademy.pro/static/hotel/11.jpg;https://16.design.htmlacademy.pro/static/hotel/17.jpg;https://16.design.htmlacademy.pro/static/hotel/1.jpg;https://16.design.htmlacademy.pro/static/hotel/4.jpg	false	true	4.4	apartment	7	6	37638	Air conditioning;Laptop friendly workspace;Baby seat	ivanpetrov	52.370216	4.895168
Tile House	I am happy to welcome you to my apartment in the city center! Three words: location, cosy and chic!	2024-09-20T15:09:09.681Z	Brussels	https://16.design.htmlacademy.pro/static/hotel/17.jpg	https://16.design.htmlacademy.pro/static/hotel/7.jpg;https://16.design.htmlacademy.pro/static/hotel/19.jpg;https://16.design.htmlacademy.pro/static/hotel/3.jpg;https://16.design.htmlacademy.pro/static/hotel/5.jpg;https://16.design.htmlacademy.pro/static/hotel/1.jpg;https://16.design.htmlacademy.pro/static/hotel/11.jpg	true	false	3.6	apartment	5	2	82473	Breakfast	petrivanov	50.846557	4.351697
Canal View Prinsengracht	A new spacious villa, one floor. All commodities, jacuzzi and beautiful scenery. Ideal for families or friends.	2024-09-19T15:09:09.681Z	Paris	https://16.design.htmlacademy.pro/static/hotel/2.jpg	https://16.design.htmlacademy.pro/static/hotel/7.jpg;https://16.design.htmlacademy.pro/static/hotel/3.jpg;https://16.design.htmlacademy.pro/static/hotel/3.jpg;https://16.design.htmlacademy.pro/static/hotel/3.jpg;https://16.design.htmlacademy.pro/static/hotel/11.jpg;https://16.design.htmlacademy.pro/static/hotel/14.jpg	false	false	2.7	house	6	9	90388	Washer;Towels;Fridge	petrivanov	48.85661	2.351499
Nice, cozy, warm big bed apartment	I rent out a very sunny and bright apartment only 7 minutes walking distance to the metro station. The apartment has a spacious living room with a kitchen, one bedroom and a bathroom with mit bath. A terrace can be used in summer.	2024-09-18T15:09:09.681Z	Brussels	https://16.design.htmlacademy.pro/static/hotel/7.jpg	https://16.design.htmlacademy.pro/static/hotel/7.jpg;https://16.design.htmlacademy.pro/static/hotel/2.jpg;https://16.design.htmlacademy.pro/static/hotel/2.jpg;https://16.design.htmlacademy.pro/static/hotel/19.jpg;https://16.design.htmlacademy.pro/static/hotel/11.jpg;https://16.design.htmlacademy.pro/static/hotel/4.jpg	false	true	1.5	apartment	7	5	80903	Towels;Fridge	vasyapupkin	50.846557	4.351697
Waterfront with extraordinary view	Relax, rejuvenate and unplug in this ultimate rustic getaway experience in the country. In our beautiful screened Pondhouse, you can gaze at the stars and listen to the sounds of nature from your cozy warm bed.	2024-09-20T15:09:09.681Z	Amsterdam	https://16.design.htmlacademy.pro/static/hotel/17.jpg	https://16.design.htmlacademy.pro/static/hotel/1.jpg;https://16.design.htmlacademy.pro/static/hotel/17.jpg;https://16.design.htmlacademy.pro/static/hotel/11.jpg;https://16.design.htmlacademy.pro/static/hotel/2.jpg;https://16.design.htmlacademy.pro/static/hotel/17.jpg;https://16.design.htmlacademy.pro/static/hotel/4.jpg	true	true	3.4	house	8	7	90543	Towels;Fridge	vasyapupkin	52.370216	4.895168
Penthouse, 4-5 rooms + 5 balconies	Relax, rejuvenate and unplug in this ultimate rustic getaway experience in the country. In our beautiful screened Pondhouse, you can gaze at the stars and listen to the sounds of nature from your cozy warm bed.	2024-09-20T15:09:09.681Z	Brussels	https://16.design.htmlacademy.pro/static/hotel/5.jpg	https://16.design.htmlacademy.pro/static/hotel/1.jpg;https://16.design.htmlacademy.pro/static/hotel/11.jpg;https://16.design.htmlacademy.pro/static/hotel/11.jpg;https://16.design.htmlacademy.pro/static/hotel/7.jpg;https://16.design.htmlacademy.pro/static/hotel/3.jpg;https://16.design.htmlacademy.pro/static/hotel/3.jpg	false	false	4.7	room	4	9	17186	Towels;Fridge	vasyapupkin	50.846557	4.351697
Tile House	This is a place for dreamers to reset, reflect, and create. Designed with a 'slow' pace in mind, our hope is that you enjoy every part of your stay; from making local coffee by drip in the morning, choosing the perfect record to put on as the sun sets.	2024-09-16T15:09:09.681Z	Dusseldorf	https://16.design.htmlacademy.pro/static/hotel/1.jpg	https://16.design.htmlacademy.pro/static/hotel/19.jpg;https://16.design.htmlacademy.pro/static/hotel/2.jpg;https://16.design.htmlacademy.pro/static/hotel/19.jpg;https://16.design.htmlacademy.pro/static/hotel/4.jpg;https://16.design.htmlacademy.pro/static/hotel/3.jpg;https://16.design.htmlacademy.pro/static/hotel/2.jpg	true	true	4.7	hotel	3	5	55568	Washer;Towels;Fridge	vasyapupkin	51.225402	6.776314
Beautiful & luxurious apartment at great location	I am happy to welcome you to my apartment in the city center! Three words: location, cosy and chic!	2024-09-19T15:09:09.682Z	Amsterdam	https://16.design.htmlacademy.pro/static/hotel/3.jpg	https://16.design.htmlacademy.pro/static/hotel/19.jpg;https://16.design.htmlacademy.pro/static/hotel/1.jpg;https://16.design.htmlacademy.pro/static/hotel/1.jpg;https://16.design.htmlacademy.pro/static/hotel/7.jpg;https://16.design.htmlacademy.pro/static/hotel/1.jpg;https://16.design.htmlacademy.pro/static/hotel/17.jpg	false	true	2.3	apartment	6	5	69239	Towels;Fridge	ivanpetrov	52.370216	4.895168
Wood and stone place	Relax, rejuvenate and unplug in this ultimate rustic getaway experience in the country. In our beautiful screened Pondhouse, you can gaze at the stars and listen to the sounds of nature from your cozy warm bed.	2024-09-20T15:09:09.682Z	Cologne	https://16.design.htmlacademy.pro/static/hotel/11.jpg	https://16.design.htmlacademy.pro/static/hotel/2.jpg;https://16.design.htmlacademy.pro/static/hotel/1.jpg;https://16.design.htmlacademy.pro/static/hotel/11.jpg;https://16.design.htmlacademy.pro/static/hotel/14.jpg;https://16.design.htmlacademy.pro/static/hotel/11.jpg;https://16.design.htmlacademy.pro/static/hotel/3.jpg	true	false	4.4	room	7	7	87163	Baby seat;Washer;Towels;Fridge	ivanpetrov	50.938361	6.959974
Beautiful & luxurious apartment at great location	This is a place for dreamers to reset, reflect, and create. Designed with a 'slow' pace in mind, our hope is that you enjoy every part of your stay; from making local coffee by drip in the morning, choosing the perfect record to put on as the sun sets.	2024-09-16T15:09:09.682Z	Brussels	https://16.design.htmlacademy.pro/static/hotel/19.jpg	https://16.design.htmlacademy.pro/static/hotel/17.jpg;https://16.design.htmlacademy.pro/static/hotel/1.jpg;https://16.design.htmlacademy.pro/static/hotel/4.jpg;https://16.design.htmlacademy.pro/static/hotel/7.jpg;https://16.design.htmlacademy.pro/static/hotel/17.jpg;https://16.design.htmlacademy.pro/static/hotel/5.jpg	false	false	3.1	house	5	8	97730	Baby seat;Washer;Towels;Fridge	petrivanov	50.846557	4.351697
Nice, cozy, warm big bed apartment	Relax, rejuvenate and unplug in this ultimate rustic getaway experience in the country. In our beautiful screened Pondhouse, you can gaze at the stars and listen to the sounds of nature from your cozy warm bed.	2024-09-19T15:09:09.682Z	Amsterdam	https://16.design.htmlacademy.pro/static/hotel/14.jpg	https://16.design.htmlacademy.pro/static/hotel/3.jpg;https://16.design.htmlacademy.pro/static/hotel/19.jpg;https://16.design.htmlacademy.pro/static/hotel/4.jpg;https://16.design.htmlacademy.pro/static/hotel/2.jpg;https://16.design.htmlacademy.pro/static/hotel/17.jpg;https://16.design.htmlacademy.pro/static/hotel/4.jpg	false	true	1.3	house	7	4	29673	Breakfast;Air conditioning;Laptop friendly workspace;Baby seat	vasyapupkin	52.370216	4.895168
Wood and stone place	I am happy to welcome you to my apartment in the city center! Three words: location, cosy and chic!	2024-09-18T15:09:09.682Z	Cologne	https://16.design.htmlacademy.pro/static/hotel/19.jpg	https://16.design.htmlacademy.pro/static/hotel/3.jpg;https://16.design.htmlacademy.pro/static/hotel/17.jpg;https://16.design.htmlacademy.pro/static/hotel/19.jpg;https://16.design.htmlacademy.pro/static/hotel/3.jpg;https://16.design.htmlacademy.pro/static/hotel/11.jpg;https://16.design.htmlacademy.pro/static/hotel/17.jpg	false	true	3.2	apartment	2	10	23175	Air conditioning;Laptop friendly workspace;Baby seat;Washer;Towels;Fridge	petrivanov	50.938361	6.959974
Tile House	I rent out a very sunny and bright apartment only 7 minutes walking distance to the metro station. The apartment has a spacious living room with a kitchen, one bedroom and a bathroom with mit bath. A terrace can be used in summer.	2024-09-15T15:09:09.682Z	Dusseldorf	https://16.design.htmlacademy.pro/static/hotel/19.jpg	https://16.design.htmlacademy.pro/static/hotel/14.jpg;https://16.design.htmlacademy.pro/static/hotel/2.jpg;https://16.design.htmlacademy.pro/static/hotel/17.jpg;https://16.design.htmlacademy.pro/static/hotel/2.jpg;https://16.design.htmlacademy.pro/static/hotel/11.jpg;https://16.design.htmlacademy.pro/static/hotel/5.jpg	true	false	2.7	room	7	8	80614	Washer;Towels;Fridge	petrivanov	51.225402	6.776314
Canal View Prinsengracht	I rent out a very sunny and bright apartment only 7 minutes walking distance to the metro station. The apartment has a spacious living room with a kitchen, one bedroom and a bathroom with mit bath. A terrace can be used in summer.	2024-09-15T15:09:09.682Z	Cologne	https://16.design.htmlacademy.pro/static/hotel/1.jpg	https://16.design.htmlacademy.pro/static/hotel/5.jpg;https://16.design.htmlacademy.pro/static/hotel/4.jpg;https://16.design.htmlacademy.pro/static/hotel/1.jpg;https://16.design.htmlacademy.pro/static/hotel/2.jpg;https://16.design.htmlacademy.pro/static/hotel/11.jpg;https://16.design.htmlacademy.pro/static/hotel/19.jpg	false	true	2.3	room	6	6	65176	Washer;Towels;Fridge	vasyapupkin	50.938361	6.959974
Canal View Prinsengracht	I rent out a very sunny and bright apartment only 7 minutes walking distance to the metro station. The apartment has a spacious living room with a kitchen, one bedroom and a bathroom with mit bath. A terrace can be used in summer.	2024-09-20T15:09:09.682Z	Cologne	https://16.design.htmlacademy.pro/static/hotel/14.jpg	https://16.design.htmlacademy.pro/static/hotel/11.jpg;https://16.design.htmlacademy.pro/static/hotel/14.jpg;https://16.design.htmlacademy.pro/static/hotel/4.jpg;https://16.design.htmlacademy.pro/static/hotel/17.jpg;https://16.design.htmlacademy.pro/static/hotel/4.jpg;https://16.design.htmlacademy.pro/static/hotel/2.jpg	true	true	4.1	room	5	4	33836	Baby seat;Washer;Towels;Fridge	vasyapupkin	50.938361	6.959974
Tile House	Relax, rejuvenate and unplug in this ultimate rustic getaway experience in the country. In our beautiful screened Pondhouse, you can gaze at the stars and listen to the sounds of nature from your cozy warm bed.	2024-09-17T15:09:09.682Z	Amsterdam	https://16.design.htmlacademy.pro/static/hotel/4.jpg	https://16.design.htmlacademy.pro/static/hotel/4.jpg;https://16.design.htmlacademy.pro/static/hotel/7.jpg;https://16.design.htmlacademy.pro/static/hotel/19.jpg;https://16.design.htmlacademy.pro/static/hotel/2.jpg;https://16.design.htmlacademy.pro/static/hotel/7.jpg;https://16.design.htmlacademy.pro/static/hotel/17.jpg	true	true	2.1	room	2	1	42569	Laptop friendly workspace;Baby seat;Washer;Towels;Fridge	petrivanov	52.370216	4.895168
The Pondhouse - A Magical Place	A new spacious villa, one floor. All commodities, jacuzzi and beautiful scenery. Ideal for families or friends.	2024-09-20T15:09:09.682Z	Dusseldorf	https://16.design.htmlacademy.pro/static/hotel/2.jpg	https://16.design.htmlacademy.pro/static/hotel/17.jpg;https://16.design.htmlacademy.pro/static/hotel/7.jpg;https://16.design.htmlacademy.pro/static/hotel/19.jpg;https://16.design.htmlacademy.pro/static/hotel/14.jpg;https://16.design.htmlacademy.pro/static/hotel/5.jpg;https://16.design.htmlacademy.pro/static/hotel/11.jpg	true	false	4.8	house	3	4	34352	Fridge	ivanpetrov	51.225402	6.776314
Wood and stone place	Relax, rejuvenate and unplug in this ultimate rustic getaway experience in the country. In our beautiful screened Pondhouse, you can gaze at the stars and listen to the sounds of nature from your cozy warm bed.	2024-09-15T15:09:09.682Z	Cologne	https://16.design.htmlacademy.pro/static/hotel/17.jpg	https://16.design.htmlacademy.pro/static/hotel/4.jpg;https://16.design.htmlacademy.pro/static/hotel/5.jpg;https://16.design.htmlacademy.pro/static/hotel/7.jpg;https://16.design.htmlacademy.pro/static/hotel/7.jpg;https://16.design.htmlacademy.pro/static/hotel/11.jpg;https://16.design.htmlacademy.pro/static/hotel/1.jpg	false	true	4.2	room	3	5	18602	Breakfast;Air conditioning;Laptop friendly workspace;Baby seat;Washer;Towels	petrivanov	50.938361	6.959974
Nice, cozy, warm big bed apartment	I rent out a very sunny and bright apartment only 7 minutes walking distance to the metro station. The apartment has a spacious living room with a kitchen, one bedroom and a bathroom with mit bath. A terrace can be used in summer.	2024-09-16T15:09:09.682Z	Hamburg	https://16.design.htmlacademy.pro/static/hotel/14.jpg	https://16.design.htmlacademy.pro/static/hotel/19.jpg;https://16.design.htmlacademy.pro/static/hotel/19.jpg;https://16.design.htmlacademy.pro/static/hotel/1.jpg;https://16.design.htmlacademy.pro/static/hotel/2.jpg;https://16.design.htmlacademy.pro/static/hotel/7.jpg;https://16.design.htmlacademy.pro/static/hotel/7.jpg	true	false	2	hotel	7	4	96637	Laptop friendly workspace;Baby seat;Washer;Towels;Fridge	vasyapupkin	53.550341	10.000654
Nice, cozy, warm big bed apartment	I am happy to welcome you to my apartment in the city center! Three words: location, cosy and chic!	2024-09-20T15:09:09.682Z	Amsterdam	https://16.design.htmlacademy.pro/static/hotel/1.jpg	https://16.design.htmlacademy.pro/static/hotel/14.jpg;https://16.design.htmlacademy.pro/static/hotel/2.jpg;https://16.design.htmlacademy.pro/static/hotel/14.jpg;https://16.design.htmlacademy.pro/static/hotel/19.jpg;https://16.design.htmlacademy.pro/static/hotel/3.jpg;https://16.design.htmlacademy.pro/static/hotel/3.jpg	true	false	2.6	hotel	6	7	23746	Laptop friendly workspace;Baby seat	ivanpetrov	52.370216	4.895168
Nice, cozy, warm big bed apartment	I rent out a very sunny and bright apartment only 7 minutes walking distance to the metro station. The apartment has a spacious living room with a kitchen, one bedroom and a bathroom with mit bath. A terrace can be used in summer.	2024-09-16T15:09:09.685Z	Paris	https://16.design.htmlacademy.pro/static/hotel/17.jpg	https://16.design.htmlacademy.pro/static/hotel/3.jpg;https://16.design.htmlacademy.pro/static/hotel/19.jpg;https://16.design.htmlacademy.pro/static/hotel/5.jpg;https://16.design.htmlacademy.pro/static/hotel/3.jpg;https://16.design.htmlacademy.pro/static/hotel/19.jpg;https://16.design.htmlacademy.pro/static/hotel/2.jpg	true	false	3.2	room	8	3	14878	Baby seat;Washer;Towels;Fridge	vasyapupkin	48.85661	2.351499
Beautiful & luxurious apartment at great location	I rent out a very sunny and bright apartment only 7 minutes walking distance to the metro station. The apartment has a spacious living room with a kitchen, one bedroom and a bathroom with mit bath. A terrace can be used in summer.	2024-09-16T15:09:09.685Z	Cologne	https://16.design.htmlacademy.pro/static/hotel/3.jpg	https://16.design.htmlacademy.pro/static/hotel/7.jpg;https://16.design.htmlacademy.pro/static/hotel/4.jpg;https://16.design.htmlacademy.pro/static/hotel/1.jpg;https://16.design.htmlacademy.pro/static/hotel/11.jpg;https://16.design.htmlacademy.pro/static/hotel/7.jpg;https://16.design.htmlacademy.pro/static/hotel/11.jpg	false	false	4.2	house	3	8	42046	Towels;Fridge	petrivanov	50.938361	6.959974
Nice, cozy, warm big bed apartment	A new spacious villa, one floor. All commodities, jacuzzi and beautiful scenery. Ideal for families or friends.	2024-09-19T15:09:09.685Z	Hamburg	https://16.design.htmlacademy.pro/static/hotel/17.jpg	https://16.design.htmlacademy.pro/static/hotel/2.jpg;https://16.design.htmlacademy.pro/static/hotel/7.jpg;https://16.design.htmlacademy.pro/static/hotel/11.jpg;https://16.design.htmlacademy.pro/static/hotel/1.jpg;https://16.design.htmlacademy.pro/static/hotel/17.jpg;https://16.design.htmlacademy.pro/static/hotel/19.jpg	false	false	1	room	2	1	72091	Breakfast;Air conditioning	ivanpetrov	53.550341	10.000654
Beautiful & luxurious apartment at great location	Relax, rejuvenate and unplug in this ultimate rustic getaway experience in the country. In our beautiful screened Pondhouse, you can gaze at the stars and listen to the sounds of nature from your cozy warm bed.	2024-09-18T15:09:09.685Z	Cologne	https://16.design.htmlacademy.pro/static/hotel/11.jpg	https://16.design.htmlacademy.pro/static/hotel/2.jpg;https://16.design.htmlacademy.pro/static/hotel/1.jpg;https://16.design.htmlacademy.pro/static/hotel/3.jpg;https://16.design.htmlacademy.pro/static/hotel/3.jpg;https://16.design.htmlacademy.pro/static/hotel/19.jpg;https://16.design.htmlacademy.pro/static/hotel/2.jpg	false	true	1.8	apartment	8	9	70342	Washer;Towels;Fridge	vasyapupkin	50.938361	6.959974
Wood and stone place	I rent out a very sunny and bright apartment only 7 minutes walking distance to the metro station. The apartment has a spacious living room with a kitchen, one bedroom and a bathroom with mit bath. A terrace can be used in summer.	2024-09-15T15:09:09.686Z	Brussels	https://16.design.htmlacademy.pro/static/hotel/3.jpg	https://16.design.htmlacademy.pro/static/hotel/4.jpg;https://16.design.htmlacademy.pro/static/hotel/11.jpg;https://16.design.htmlacademy.pro/static/hotel/14.jpg;https://16.design.htmlacademy.pro/static/hotel/19.jpg;https://16.design.htmlacademy.pro/static/hotel/19.jpg;https://16.design.htmlacademy.pro/static/hotel/19.jpg	true	true	3.1	room	6	9	92481	Air conditioning;Laptop friendly workspace;Baby seat;Washer;Towels;Fridge	petrivanov	50.846557	4.351697
Beautiful & luxurious apartment at great location	A new spacious villa, one floor. All commodities, jacuzzi and beautiful scenery. Ideal for families or friends.	2024-09-15T15:09:09.686Z	Cologne	https://16.design.htmlacademy.pro/static/hotel/1.jpg	https://16.design.htmlacademy.pro/static/hotel/5.jpg;https://16.design.htmlacademy.pro/static/hotel/4.jpg;https://16.design.htmlacademy.pro/static/hotel/7.jpg;https://16.design.htmlacademy.pro/static/hotel/14.jpg;https://16.design.htmlacademy.pro/static/hotel/2.jpg;https://16.design.htmlacademy.pro/static/hotel/5.jpg	true	true	4.3	apartment	2	4	63584	Air conditioning	petrivanov	50.938361	6.959974
Penthouse, 4-5 rooms + 5 balconies	I am happy to welcome you to my apartment in the city center! Three words: location, cosy and chic!	2024-09-17T15:09:09.686Z	Brussels	https://16.design.htmlacademy.pro/static/hotel/11.jpg	https://16.design.htmlacademy.pro/static/hotel/2.jpg;https://16.design.htmlacademy.pro/static/hotel/3.jpg;https://16.design.htmlacademy.pro/static/hotel/17.jpg;https://16.design.htmlacademy.pro/static/hotel/7.jpg;https://16.design.htmlacademy.pro/static/hotel/2.jpg;https://16.design.htmlacademy.pro/static/hotel/11.jpg	true	true	1.1	room	2	5	98270	Washer;Towels;Fridge	petrivanov	50.846557	4.351697
Wood and stone place	I rent out a very sunny and bright apartment only 7 minutes walking distance to the metro station. The apartment has a spacious living room with a kitchen, one bedroom and a bathroom with mit bath. A terrace can be used in summer.	2024-09-20T15:09:09.686Z	Brussels	https://16.design.htmlacademy.pro/static/hotel/7.jpg	https://16.design.htmlacademy.pro/static/hotel/19.jpg;https://16.design.htmlacademy.pro/static/hotel/19.jpg;https://16.design.htmlacademy.pro/static/hotel/14.jpg;https://16.design.htmlacademy.pro/static/hotel/2.jpg;https://16.design.htmlacademy.pro/static/hotel/11.jpg;https://16.design.htmlacademy.pro/static/hotel/2.jpg	false	true	2.4	room	6	2	91977	Towels;Fridge	petrivanov	50.846557	4.351697
The Pondhouse - A Magical Place	I am happy to welcome you to my apartment in the city center! Three words: location, cosy and chic!	2024-09-16T15:09:09.686Z	Amsterdam	https://16.design.htmlacademy.pro/static/hotel/11.jpg	https://16.design.htmlacademy.pro/static/hotel/3.jpg;https://16.design.htmlacademy.pro/static/hotel/2.jpg;https://16.design.htmlacademy.pro/static/hotel/17.jpg;https://16.design.htmlacademy.pro/static/hotel/2.jpg;https://16.design.htmlacademy.pro/static/hotel/17.jpg;https://16.design.htmlacademy.pro/static/hotel/14.jpg	false	false	3.5	house	2	6	30479	Laptop friendly workspace;Baby seat;Washer;Towels	ivanpetrov	52.370216	4.895168
Canal View Prinsengracht	Relax, rejuvenate and unplug in this ultimate rustic getaway experience in the country. In our beautiful screened Pondhouse, you can gaze at the stars and listen to the sounds of nature from your cozy warm bed.	2024-09-17T15:09:09.686Z	Brussels	https://16.design.htmlacademy.pro/static/hotel/7.jpg	https://16.design.htmlacademy.pro/static/hotel/7.jpg;https://16.design.htmlacademy.pro/static/hotel/7.jpg;https://16.design.htmlacademy.pro/static/hotel/3.jpg;https://16.design.htmlacademy.pro/static/hotel/7.jpg;https://16.design.htmlacademy.pro/static/hotel/1.jpg;https://16.design.htmlacademy.pro/static/hotel/11.jpg	true	false	4.1	room	2	3	47484	Laptop friendly workspace;Baby seat;Washer;Towels;Fridge	petrivanov	50.846557	4.351697
Canal View Prinsengracht	I rent out a very sunny and bright apartment only 7 minutes walking distance to the metro station. The apartment has a spacious living room with a kitchen, one bedroom and a bathroom with mit bath. A terrace can be used in summer.	2024-09-16T15:09:09.686Z	Dusseldorf	https://16.design.htmlacademy.pro/static/hotel/2.jpg	https://16.design.htmlacademy.pro/static/hotel/1.jpg;https://16.design.htmlacademy.pro/static/hotel/1.jpg;https://16.design.htmlacademy.pro/static/hotel/3.jpg;https://16.design.htmlacademy.pro/static/hotel/19.jpg;https://16.design.htmlacademy.pro/static/hotel/7.jpg;https://16.design.htmlacademy.pro/static/hotel/17.jpg	true	false	3.3	room	4	6	50145	Washer;Towels;Fridge	petrivanov	51.225402	6.776314
Penthouse, 4-5 rooms + 5 balconies	I rent out a very sunny and bright apartment only 7 minutes walking distance to the metro station. The apartment has a spacious living room with a kitchen, one bedroom and a bathroom with mit bath. A terrace can be used in summer.	2024-09-19T15:09:09.686Z	Dusseldorf	https://16.design.htmlacademy.pro/static/hotel/1.jpg	https://16.design.htmlacademy.pro/static/hotel/11.jpg;https://16.design.htmlacademy.pro/static/hotel/2.jpg;https://16.design.htmlacademy.pro/static/hotel/7.jpg;https://16.design.htmlacademy.pro/static/hotel/1.jpg;https://16.design.htmlacademy.pro/static/hotel/2.jpg;https://16.design.htmlacademy.pro/static/hotel/19.jpg	false	false	1.5	room	2	9	93621	Fridge	petrivanov	51.225402	6.776314
Waterfront with extraordinary view	I rent out a very sunny and bright apartment only 7 minutes walking distance to the metro station. The apartment has a spacious living room with a kitchen, one bedroom and a bathroom with mit bath. A terrace can be used in summer.	2024-09-20T15:09:09.686Z	Brussels	https://16.design.htmlacademy.pro/static/hotel/19.jpg	https://16.design.htmlacademy.pro/static/hotel/1.jpg;https://16.design.htmlacademy.pro/static/hotel/4.jpg;https://16.design.htmlacademy.pro/static/hotel/11.jpg;https://16.design.htmlacademy.pro/static/hotel/17.jpg;https://16.design.htmlacademy.pro/static/hotel/11.jpg;https://16.design.htmlacademy.pro/static/hotel/1.jpg	true	true	3.4	house	4	5	26727	Fridge	ivanpetrov	50.846557	4.351697
Beautiful & luxurious apartment at great location	Relax, rejuvenate and unplug in this ultimate rustic getaway experience in the country. In our beautiful screened Pondhouse, you can gaze at the stars and listen to the sounds of nature from your cozy warm bed.	2024-09-16T15:09:09.686Z	Brussels	https://16.design.htmlacademy.pro/static/hotel/3.jpg	https://16.design.htmlacademy.pro/static/hotel/4.jpg;https://16.design.htmlacademy.pro/static/hotel/14.jpg;https://16.design.htmlacademy.pro/static/hotel/4.jpg;https://16.design.htmlacademy.pro/static/hotel/1.jpg;https://16.design.htmlacademy.pro/static/hotel/4.jpg;https://16.design.htmlacademy.pro/static/hotel/3.jpg	true	true	2.7	room	4	8	72695	Baby seat;Washer;Towels;Fridge	petrivanov	50.846557	4.351697
Penthouse, 4-5 rooms + 5 balconies	Relax, rejuvenate and unplug in this ultimate rustic getaway experience in the country. In our beautiful screened Pondhouse, you can gaze at the stars and listen to the sounds of nature from your cozy warm bed.	2024-09-20T15:09:09.686Z	Brussels	https://16.design.htmlacademy.pro/static/hotel/5.jpg	https://16.design.htmlacademy.pro/static/hotel/5.jpg;https://16.design.htmlacademy.pro/static/hotel/11.jpg;https://16.design.htmlacademy.pro/static/hotel/19.jpg;https://16.design.htmlacademy.pro/static/hotel/17.jpg;https://16.design.htmlacademy.pro/static/hotel/3.jpg;https://16.design.htmlacademy.pro/static/hotel/2.jpg	false	true	1	apartment	6	10	13848	Fridge	petrivanov	50.846557	4.351697
Beautiful & luxurious apartment at great location	This is a place for dreamers to reset, reflect, and create. Designed with a 'slow' pace in mind, our hope is that you enjoy every part of your stay; from making local coffee by drip in the morning, choosing the perfect record to put on as the sun sets.	2024-09-16T15:09:09.686Z	Hamburg	https://16.design.htmlacademy.pro/static/hotel/11.jpg	https://16.design.htmlacademy.pro/static/hotel/5.jpg;https://16.design.htmlacademy.pro/static/hotel/7.jpg;https://16.design.htmlacademy.pro/static/hotel/14.jpg;https://16.design.htmlacademy.pro/static/hotel/14.jpg;https://16.design.htmlacademy.pro/static/hotel/2.jpg;https://16.design.htmlacademy.pro/static/hotel/17.jpg	false	true	4.4	house	7	9	31556	Laptop friendly workspace;Baby seat;Washer;Towels	petrivanov	53.550341	10.000654
Waterfront with extraordinary view	A new spacious villa, one floor. All commodities, jacuzzi and beautiful scenery. Ideal for families or friends.	2024-09-16T15:09:09.686Z	Paris	https://16.design.htmlacademy.pro/static/hotel/2.jpg	https://16.design.htmlacademy.pro/static/hotel/3.jpg;https://16.design.htmlacademy.pro/static/hotel/7.jpg;https://16.design.htmlacademy.pro/static/hotel/3.jpg;https://16.design.htmlacademy.pro/static/hotel/3.jpg;https://16.design.htmlacademy.pro/static/hotel/7.jpg;https://16.design.htmlacademy.pro/static/hotel/19.jpg	false	false	4	hotel	8	8	79830	Laptop friendly workspace;Baby seat;Washer;Towels;Fridge	petrivanov	48.85661	2.351499
Nice, cozy, warm big bed apartment	Relax, rejuvenate and unplug in this ultimate rustic getaway experience in the country. In our beautiful screened Pondhouse, you can gaze at the stars and listen to the sounds of nature from your cozy warm bed.	2024-09-20T15:09:09.686Z	Dusseldorf	https://16.design.htmlacademy.pro/static/hotel/7.jpg	https://16.design.htmlacademy.pro/static/hotel/4.jpg;https://16.design.htmlacademy.pro/static/hotel/2.jpg;https://16.design.htmlacademy.pro/static/hotel/11.jpg;https://16.design.htmlacademy.pro/static/hotel/7.jpg;https://16.design.htmlacademy.pro/static/hotel/19.jpg;https://16.design.htmlacademy.pro/static/hotel/1.jpg	false	true	4.4	apartment	4	10	85859	Baby seat;Washer;Towels	petrivanov	51.225402	6.776314
Penthouse, 4-5 rooms + 5 balconies	Relax, rejuvenate and unplug in this ultimate rustic getaway experience in the country. In our beautiful screened Pondhouse, you can gaze at the stars and listen to the sounds of nature from your cozy warm bed.	2024-09-18T15:09:09.686Z	Cologne	https://16.design.htmlacademy.pro/static/hotel/2.jpg	https://16.design.htmlacademy.pro/static/hotel/4.jpg;https://16.design.htmlacademy.pro/static/hotel/19.jpg;https://16.design.htmlacademy.pro/static/hotel/17.jpg;https://16.design.htmlacademy.pro/static/hotel/19.jpg;https://16.design.htmlacademy.pro/static/hotel/2.jpg;https://16.design.htmlacademy.pro/static/hotel/19.jpg	false	true	4.4	house	5	4	55583	Towels;Fridge	petrivanov	50.938361	6.959974
Wood and stone place	I am happy to welcome you to my apartment in the city center! Three words: location, cosy and chic!	2024-09-20T15:09:09.686Z	Cologne	https://16.design.htmlacademy.pro/static/hotel/17.jpg	https://16.design.htmlacademy.pro/static/hotel/7.jpg;https://16.design.htmlacademy.pro/static/hotel/11.jpg;https://16.design.htmlacademy.pro/static/hotel/5.jpg;https://16.design.htmlacademy.pro/static/hotel/1.jpg;https://16.design.htmlacademy.pro/static/hotel/4.jpg;https://16.design.htmlacademy.pro/static/hotel/4.jpg	false	true	4.3	hotel	6	1	29491	Washer;Towels;Fridge	vasyapupkin	50.938361	6.959974
Canal View Prinsengracht	This is a place for dreamers to reset, reflect, and create. Designed with a 'slow' pace in mind, our hope is that you enjoy every part of your stay; from making local coffee by drip in the morning, choosing the perfect record to put on as the sun sets.	2024-09-20T15:09:09.686Z	Amsterdam	https://16.design.htmlacademy.pro/static/hotel/5.jpg	https://16.design.htmlacademy.pro/static/hotel/17.jpg;https://16.design.htmlacademy.pro/static/hotel/19.jpg;https://16.design.htmlacademy.pro/static/hotel/1.jpg;https://16.design.htmlacademy.pro/static/hotel/2.jpg;https://16.design.htmlacademy.pro/static/hotel/3.jpg;https://16.design.htmlacademy.pro/static/hotel/17.jpg	false	true	4.9	hotel	3	4	98525	Laptop friendly workspace;Baby seat;Washer;Towels;Fridge	vasyapupkin	52.370216	4.895168
Penthouse, 4-5 rooms + 5 balconies	I rent out a very sunny and bright apartment only 7 minutes walking distance to the metro station. The apartment has a spacious living room with a kitchen, one bedroom and a bathroom with mit bath. A terrace can be used in summer.	2024-09-21T15:09:09.686Z	Amsterdam	https://16.design.htmlacademy.pro/static/hotel/1.jpg	https://16.design.htmlacademy.pro/static/hotel/3.jpg;https://16.design.htmlacademy.pro/static/hotel/3.jpg;https://16.design.htmlacademy.pro/static/hotel/7.jpg;https://16.design.htmlacademy.pro/static/hotel/19.jpg;https://16.design.htmlacademy.pro/static/hotel/4.jpg;https://16.design.htmlacademy.pro/static/hotel/1.jpg	false	false	3.5	room	6	2	89657	Fridge	petrivanov	52.370216	4.895168
Tile House	This is a place for dreamers to reset, reflect, and create. Designed with a 'slow' pace in mind, our hope is that you enjoy every part of your stay; from making local coffee by drip in the morning, choosing the perfect record to put on as the sun sets.	2024-09-17T15:09:09.686Z	Hamburg	https://16.design.htmlacademy.pro/static/hotel/19.jpg	https://16.design.htmlacademy.pro/static/hotel/2.jpg;https://16.design.htmlacademy.pro/static/hotel/5.jpg;https://16.design.htmlacademy.pro/static/hotel/5.jpg;https://16.design.htmlacademy.pro/static/hotel/17.jpg;https://16.design.htmlacademy.pro/static/hotel/17.jpg;https://16.design.htmlacademy.pro/static/hotel/5.jpg	false	true	3.9	apartment	8	7	32855	Air conditioning	petrivanov	53.550341	10.000654
Penthouse, 4-5 rooms + 5 balconies	A new spacious villa, one floor. All commodities, jacuzzi and beautiful scenery. Ideal for families or friends.	2024-09-19T15:09:09.687Z	Brussels	https://16.design.htmlacademy.pro/static/hotel/19.jpg	https://16.design.htmlacademy.pro/static/hotel/17.jpg;https://16.design.htmlacademy.pro/static/hotel/7.jpg;https://16.design.htmlacademy.pro/static/hotel/1.jpg;https://16.design.htmlacademy.pro/static/hotel/17.jpg;https://16.design.htmlacademy.pro/static/hotel/11.jpg;https://16.design.htmlacademy.pro/static/hotel/11.jpg	true	true	1.8	house	3	8	22032	Air conditioning;Laptop friendly workspace;Baby seat	vasyapupkin	50.846557	4.351697
Wood and stone place	A new spacious villa, one floor. All commodities, jacuzzi and beautiful scenery. Ideal for families or friends.	2024-09-21T15:09:09.687Z	Brussels	https://16.design.htmlacademy.pro/static/hotel/3.jpg	https://16.design.htmlacademy.pro/static/hotel/14.jpg;https://16.design.htmlacademy.pro/static/hotel/4.jpg;https://16.design.htmlacademy.pro/static/hotel/1.jpg;https://16.design.htmlacademy.pro/static/hotel/11.jpg;https://16.design.htmlacademy.pro/static/hotel/1.jpg;https://16.design.htmlacademy.pro/static/hotel/2.jpg	true	true	1.5	hotel	7	9	23508	Baby seat;Washer;Towels;Fridge	vasyapupkin	50.846557	4.351697
Canal View Prinsengracht	I am happy to welcome you to my apartment in the city center! Three words: location, cosy and chic!	2024-09-17T15:09:09.687Z	Hamburg	https://16.design.htmlacademy.pro/static/hotel/1.jpg	https://16.design.htmlacademy.pro/static/hotel/14.jpg;https://16.design.htmlacademy.pro/static/hotel/7.jpg;https://16.design.htmlacademy.pro/static/hotel/17.jpg;https://16.design.htmlacademy.pro/static/hotel/17.jpg;https://16.design.htmlacademy.pro/static/hotel/1.jpg;https://16.design.htmlacademy.pro/static/hotel/1.jpg	true	true	2.3	room	2	4	69556	Fridge	vasyapupkin	53.550341	10.000654
Beautiful & luxurious apartment at great location	I am happy to welcome you to my apartment in the city center! Three words: location, cosy and chic!	2024-09-17T15:09:09.687Z	Hamburg	https://16.design.htmlacademy.pro/static/hotel/7.jpg	https://16.design.htmlacademy.pro/static/hotel/17.jpg;https://16.design.htmlacademy.pro/static/hotel/1.jpg;https://16.design.htmlacademy.pro/static/hotel/2.jpg;https://16.design.htmlacademy.pro/static/hotel/2.jpg;https://16.design.htmlacademy.pro/static/hotel/19.jpg;https://16.design.htmlacademy.pro/static/hotel/19.jpg	false	true	2.4	room	5	2	90080	Towels;Fridge	petrivanov	53.550341	10.000654
Beautiful & luxurious apartment at great location	I rent out a very sunny and bright apartment only 7 minutes walking distance to the metro station. The apartment has a spacious living room with a kitchen, one bedroom and a bathroom with mit bath. A terrace can be used in summer.	2024-09-15T15:09:09.687Z	Cologne	https://16.design.htmlacademy.pro/static/hotel/7.jpg	https://16.design.htmlacademy.pro/static/hotel/4.jpg;https://16.design.htmlacademy.pro/static/hotel/17.jpg;https://16.design.htmlacademy.pro/static/hotel/4.jpg;https://16.design.htmlacademy.pro/static/hotel/11.jpg;https://16.design.htmlacademy.pro/static/hotel/19.jpg;https://16.design.htmlacademy.pro/static/hotel/3.jpg	true	false	1.9	hotel	8	4	2435	Air conditioning;Laptop friendly workspace;Baby seat;Washer;Towels;Fridge	petrivanov	50.938361	6.959974
Tile House	I am happy to welcome you to my apartment in the city center! Three words: location, cosy and chic!	2024-09-15T15:09:09.687Z	Dusseldorf	https://16.design.htmlacademy.pro/static/hotel/11.jpg	https://16.design.htmlacademy.pro/static/hotel/11.jpg;https://16.design.htmlacademy.pro/static/hotel/1.jpg;https://16.design.htmlacademy.pro/static/hotel/11.jpg;https://16.design.htmlacademy.pro/static/hotel/3.jpg;https://16.design.htmlacademy.pro/static/hotel/19.jpg;https://16.design.htmlacademy.pro/static/hotel/5.jpg	false	false	2.3	room	3	10	58387	Breakfast;Air conditioning	ivanpetrov	51.225402	6.776314
The Pondhouse - A Magical Place	I am happy to welcome you to my apartment in the city center! Three words: location, cosy and chic!	2024-09-17T15:09:09.687Z	Dusseldorf	https://16.design.htmlacademy.pro/static/hotel/7.jpg	https://16.design.htmlacademy.pro/static/hotel/7.jpg;https://16.design.htmlacademy.pro/static/hotel/3.jpg;https://16.design.htmlacademy.pro/static/hotel/11.jpg;https://16.design.htmlacademy.pro/static/hotel/19.jpg;https://16.design.htmlacademy.pro/static/hotel/17.jpg;https://16.design.htmlacademy.pro/static/hotel/7.jpg	false	true	1.2	apartment	3	9	11301	Fridge	vasyapupkin	51.225402	6.776314
Wood and stone place	I rent out a very sunny and bright apartment only 7 minutes walking distance to the metro station. The apartment has a spacious living room with a kitchen, one bedroom and a bathroom with mit bath. A terrace can be used in summer.	2024-09-15T15:09:09.687Z	Brussels	https://16.design.htmlacademy.pro/static/hotel/7.jpg	https://16.design.htmlacademy.pro/static/hotel/2.jpg;https://16.design.htmlacademy.pro/static/hotel/7.jpg;https://16.design.htmlacademy.pro/static/hotel/3.jpg;https://16.design.htmlacademy.pro/static/hotel/1.jpg;https://16.design.htmlacademy.pro/static/hotel/2.jpg;https://16.design.htmlacademy.pro/static/hotel/19.jpg	false	true	1.3	house	1	7	72716	Air conditioning;Laptop friendly workspace;Baby seat;Washer;Towels;Fridge	ivanpetrov	50.846557	4.351697
Nice, cozy, warm big bed apartment	I rent out a very sunny and bright apartment only 7 minutes walking distance to the metro station. The apartment has a spacious living room with a kitchen, one bedroom and a bathroom with mit bath. A terrace can be used in summer.	2024-09-19T15:09:09.687Z	Brussels	https://16.design.htmlacademy.pro/static/hotel/1.jpg	https://16.design.htmlacademy.pro/static/hotel/7.jpg;https://16.design.htmlacademy.pro/static/hotel/1.jpg;https://16.design.htmlacademy.pro/static/hotel/2.jpg;https://16.design.htmlacademy.pro/static/hotel/17.jpg;https://16.design.htmlacademy.pro/static/hotel/4.jpg;https://16.design.htmlacademy.pro/static/hotel/5.jpg	false	true	2.8	apartment	8	6	10849	Baby seat;Washer;Towels;Fridge	petrivanov	50.846557	4.351697
Penthouse, 4-5 rooms + 5 balconies	I am happy to welcome you to my apartment in the city center! Three words: location, cosy and chic!	2024-09-17T15:09:09.687Z	Cologne	https://16.design.htmlacademy.pro/static/hotel/11.jpg	https://16.design.htmlacademy.pro/static/hotel/17.jpg;https://16.design.htmlacademy.pro/static/hotel/3.jpg;https://16.design.htmlacademy.pro/static/hotel/19.jpg;https://16.design.htmlacademy.pro/static/hotel/4.jpg;https://16.design.htmlacademy.pro/static/hotel/7.jpg;https://16.design.htmlacademy.pro/static/hotel/11.jpg	true	true	2.7	room	6	8	1569	Breakfast;Air conditioning;Laptop friendly workspace;Baby seat;Washer;Towels;Fridge	ivanpetrov	50.938361	6.959974
Nice, cozy, warm big bed apartment	This is a place for dreamers to reset, reflect, and create. Designed with a 'slow' pace in mind, our hope is that you enjoy every part of your stay; from making local coffee by drip in the morning, choosing the perfect record to put on as the sun sets.	2024-09-16T15:09:09.687Z	Cologne	https://16.design.htmlacademy.pro/static/hotel/7.jpg	https://16.design.htmlacademy.pro/static/hotel/17.jpg;https://16.design.htmlacademy.pro/static/hotel/7.jpg;https://16.design.htmlacademy.pro/static/hotel/19.jpg;https://16.design.htmlacademy.pro/static/hotel/11.jpg;https://16.design.htmlacademy.pro/static/hotel/19.jpg;https://16.design.htmlacademy.pro/static/hotel/17.jpg	false	true	4.9	room	3	3	2693	Towels;Fridge	petrivanov	50.938361	6.959974
Waterfront with extraordinary view	This is a place for dreamers to reset, reflect, and create. Designed with a 'slow' pace in mind, our hope is that you enjoy every part of your stay; from making local coffee by drip in the morning, choosing the perfect record to put on as the sun sets.	2024-09-18T15:09:09.687Z	Amsterdam	https://16.design.htmlacademy.pro/static/hotel/7.jpg	https://16.design.htmlacademy.pro/static/hotel/7.jpg;https://16.design.htmlacademy.pro/static/hotel/17.jpg;https://16.design.htmlacademy.pro/static/hotel/4.jpg;https://16.design.htmlacademy.pro/static/hotel/4.jpg;https://16.design.htmlacademy.pro/static/hotel/7.jpg;https://16.design.htmlacademy.pro/static/hotel/7.jpg	true	false	4.8	house	3	3	92494	Baby seat;Washer;Towels;Fridge	ivanpetrov	52.370216	4.895168
Canal View Prinsengracht	I rent out a very sunny and bright apartment only 7 minutes walking distance to the metro station. The apartment has a spacious living room with a kitchen, one bedroom and a bathroom with mit bath. A terrace can be used in summer.	2024-09-19T15:09:09.688Z	Paris	https://16.design.htmlacademy.pro/static/hotel/3.jpg	https://16.design.htmlacademy.pro/static/hotel/4.jpg;https://16.design.htmlacademy.pro/static/hotel/11.jpg;https://16.design.htmlacademy.pro/static/hotel/7.jpg;https://16.design.htmlacademy.pro/static/hotel/19.jpg;https://16.design.htmlacademy.pro/static/hotel/7.jpg;https://16.design.htmlacademy.pro/static/hotel/19.jpg	true	true	4.9	room	5	4	79360	Washer;Towels;Fridge	ivanpetrov	48.85661	2.351499
Nice, cozy, warm big bed apartment	I rent out a very sunny and bright apartment only 7 minutes walking distance to the metro station. The apartment has a spacious living room with a kitchen, one bedroom and a bathroom with mit bath. A terrace can be used in summer.	2024-09-17T15:09:09.688Z	Cologne	https://16.design.htmlacademy.pro/static/hotel/3.jpg	https://16.design.htmlacademy.pro/static/hotel/19.jpg;https://16.design.htmlacademy.pro/static/hotel/11.jpg;https://16.design.htmlacademy.pro/static/hotel/19.jpg;https://16.design.htmlacademy.pro/static/hotel/19.jpg;https://16.design.htmlacademy.pro/static/hotel/5.jpg;https://16.design.htmlacademy.pro/static/hotel/7.jpg	false	true	2.3	house	2	8	23686	Breakfast;Air conditioning;Laptop friendly workspace;Baby seat	petrivanov	50.938361	6.959974
Nice, cozy, warm big bed apartment	This is a place for dreamers to reset, reflect, and create. Designed with a 'slow' pace in mind, our hope is that you enjoy every part of your stay; from making local coffee by drip in the morning, choosing the perfect record to put on as the sun sets.	2024-09-16T15:09:09.688Z	Hamburg	https://16.design.htmlacademy.pro/static/hotel/7.jpg	https://16.design.htmlacademy.pro/static/hotel/4.jpg;https://16.design.htmlacademy.pro/static/hotel/7.jpg;https://16.design.htmlacademy.pro/static/hotel/11.jpg;https://16.design.htmlacademy.pro/static/hotel/2.jpg;https://16.design.htmlacademy.pro/static/hotel/19.jpg;https://16.design.htmlacademy.pro/static/hotel/3.jpg	false	false	2.7	room	5	2	93454	Laptop friendly workspace;Baby seat;Washer;Towels;Fridge	petrivanov	53.550341	10.000654
Canal View Prinsengracht	I am happy to welcome you to my apartment in the city center! Three words: location, cosy and chic!	2024-09-21T15:09:09.688Z	Cologne	https://16.design.htmlacademy.pro/static/hotel/1.jpg	https://16.design.htmlacademy.pro/static/hotel/14.jpg;https://16.design.htmlacademy.pro/static/hotel/17.jpg;https://16.design.htmlacademy.pro/static/hotel/2.jpg;https://16.design.htmlacademy.pro/static/hotel/7.jpg;https://16.design.htmlacademy.pro/static/hotel/4.jpg;https://16.design.htmlacademy.pro/static/hotel/4.jpg	false	true	4.2	room	6	5	28056	Towels;Fridge	vasyapupkin	50.938361	6.959974
Penthouse, 4-5 rooms + 5 balconies	Relax, rejuvenate and unplug in this ultimate rustic getaway experience in the country. In our beautiful screened Pondhouse, you can gaze at the stars and listen to the sounds of nature from your cozy warm bed.	2024-09-18T15:09:09.688Z	Paris	https://16.design.htmlacademy.pro/static/hotel/2.jpg	https://16.design.htmlacademy.pro/static/hotel/19.jpg;https://16.design.htmlacademy.pro/static/hotel/1.jpg;https://16.design.htmlacademy.pro/static/hotel/7.jpg;https://16.design.htmlacademy.pro/static/hotel/7.jpg;https://16.design.htmlacademy.pro/static/hotel/5.jpg;https://16.design.htmlacademy.pro/static/hotel/3.jpg	true	false	2.7	room	3	8	44729	Air conditioning;Laptop friendly workspace	petrivanov	48.85661	2.351499
Wood and stone place	I am happy to welcome you to my apartment in the city center! Three words: location, cosy and chic!	2024-09-18T15:09:09.688Z	Brussels	https://16.design.htmlacademy.pro/static/hotel/4.jpg	https://16.design.htmlacademy.pro/static/hotel/1.jpg;https://16.design.htmlacademy.pro/static/hotel/11.jpg;https://16.design.htmlacademy.pro/static/hotel/11.jpg;https://16.design.htmlacademy.pro/static/hotel/7.jpg;https://16.design.htmlacademy.pro/static/hotel/3.jpg;https://16.design.htmlacademy.pro/static/hotel/7.jpg	true	true	4.5	apartment	7	2	67468	Baby seat;Washer;Towels;Fridge	petrivanov	50.846557	4.351697
Beautiful & luxurious apartment at great location	A new spacious villa, one floor. All commodities, jacuzzi and beautiful scenery. Ideal for families or friends.	2024-09-17T15:09:09.688Z	Brussels	https://16.design.htmlacademy.pro/static/hotel/2.jpg	https://16.design.htmlacademy.pro/static/hotel/11.jpg;https://16.design.htmlacademy.pro/static/hotel/17.jpg;https://16.design.htmlacademy.pro/static/hotel/11.jpg;https://16.design.htmlacademy.pro/static/hotel/3.jpg;https://16.design.htmlacademy.pro/static/hotel/11.jpg;https://16.design.htmlacademy.pro/static/hotel/7.jpg	true	false	4.9	room	4	3	22846	Air conditioning;Laptop friendly workspace;Baby seat;Washer;Towels;Fridge	petrivanov	50.846557	4.351697
Wood and stone place	I rent out a very sunny and bright apartment only 7 minutes walking distance to the metro station. The apartment has a spacious living room with a kitchen, one bedroom and a bathroom with mit bath. A terrace can be used in summer.	2024-09-19T15:09:09.688Z	Hamburg	https://16.design.htmlacademy.pro/static/hotel/2.jpg	https://16.design.htmlacademy.pro/static/hotel/17.jpg;https://16.design.htmlacademy.pro/static/hotel/3.jpg;https://16.design.htmlacademy.pro/static/hotel/3.jpg;https://16.design.htmlacademy.pro/static/hotel/4.jpg;https://16.design.htmlacademy.pro/static/hotel/11.jpg;https://16.design.htmlacademy.pro/static/hotel/11.jpg	false	true	1	room	1	2	78064	Baby seat;Washer;Towels;Fridge	vasyapupkin	53.550341	10.000654
Wood and stone place	I am happy to welcome you to my apartment in the city center! Three words: location, cosy and chic!	2024-09-17T15:09:09.688Z	Amsterdam	https://16.design.htmlacademy.pro/static/hotel/19.jpg	https://16.design.htmlacademy.pro/static/hotel/4.jpg;https://16.design.htmlacademy.pro/static/hotel/1.jpg;https://16.design.htmlacademy.pro/static/hotel/17.jpg;https://16.design.htmlacademy.pro/static/hotel/2.jpg;https://16.design.htmlacademy.pro/static/hotel/7.jpg;https://16.design.htmlacademy.pro/static/hotel/4.jpg	true	true	2.5	hotel	6	5	53614	Towels;Fridge	petrivanov	52.370216	4.895168
Beautiful & luxurious apartment at great location	This is a place for dreamers to reset, reflect, and create. Designed with a 'slow' pace in mind, our hope is that you enjoy every part of your stay; from making local coffee by drip in the morning, choosing the perfect record to put on as the sun sets.	2024-09-17T15:09:09.688Z	Amsterdam	https://16.design.htmlacademy.pro/static/hotel/17.jpg	https://16.design.htmlacademy.pro/static/hotel/19.jpg;https://16.design.htmlacademy.pro/static/hotel/1.jpg;https://16.design.htmlacademy.pro/static/hotel/17.jpg;https://16.design.htmlacademy.pro/static/hotel/17.jpg;https://16.design.htmlacademy.pro/static/hotel/2.jpg;https://16.design.htmlacademy.pro/static/hotel/3.jpg	false	false	1.2	house	3	5	29662	Towels;Fridge	vasyapupkin	52.370216	4.895168
Beautiful & luxurious apartment at great location	Relax, rejuvenate and unplug in this ultimate rustic getaway experience in the country. In our beautiful screened Pondhouse, you can gaze at the stars and listen to the sounds of nature from your cozy warm bed.	2024-09-17T15:09:09.688Z	Hamburg	https://16.design.htmlacademy.pro/static/hotel/2.jpg	https://16.design.htmlacademy.pro/static/hotel/19.jpg;https://16.design.htmlacademy.pro/static/hotel/4.jpg;https://16.design.htmlacademy.pro/static/hotel/4.jpg;https://16.design.htmlacademy.pro/static/hotel/5.jpg;https://16.design.htmlacademy.pro/static/hotel/11.jpg;https://16.design.htmlacademy.pro/static/hotel/3.jpg	false	false	1.2	hotel	4	10	56441	Washer;Towels;Fridge	vasyapupkin	53.550341	10.000654
Canal View Prinsengracht	I rent out a very sunny and bright apartment only 7 minutes walking distance to the metro station. The apartment has a spacious living room with a kitchen, one bedroom and a bathroom with mit bath. A terrace can be used in summer.	2024-09-15T15:09:09.688Z	Cologne	https://16.design.htmlacademy.pro/static/hotel/14.jpg	https://16.design.htmlacademy.pro/static/hotel/17.jpg;https://16.design.htmlacademy.pro/static/hotel/19.jpg;https://16.design.htmlacademy.pro/static/hotel/3.jpg;https://16.design.htmlacademy.pro/static/hotel/19.jpg;https://16.design.htmlacademy.pro/static/hotel/19.jpg;https://16.design.htmlacademy.pro/static/hotel/17.jpg	false	true	4.9	room	3	5	895	Air conditioning;Laptop friendly workspace;Baby seat	vasyapupkin	50.938361	6.959974
Tile House	I rent out a very sunny and bright apartment only 7 minutes walking distance to the metro station. The apartment has a spacious living room with a kitchen, one bedroom and a bathroom with mit bath. A terrace can be used in summer.	2024-09-20T15:09:09.688Z	Cologne	https://16.design.htmlacademy.pro/static/hotel/2.jpg	https://16.design.htmlacademy.pro/static/hotel/17.jpg;https://16.design.htmlacademy.pro/static/hotel/2.jpg;https://16.design.htmlacademy.pro/static/hotel/4.jpg;https://16.design.htmlacademy.pro/static/hotel/2.jpg;https://16.design.htmlacademy.pro/static/hotel/19.jpg;https://16.design.htmlacademy.pro/static/hotel/7.jpg	true	true	1.8	room	3	6	518	Fridge	petrivanov	50.938361	6.959974
Nice, cozy, warm big bed apartment	Relax, rejuvenate and unplug in this ultimate rustic getaway experience in the country. In our beautiful screened Pondhouse, you can gaze at the stars and listen to the sounds of nature from your cozy warm bed.	2024-09-15T15:09:09.688Z	Brussels	https://16.design.htmlacademy.pro/static/hotel/7.jpg	https://16.design.htmlacademy.pro/static/hotel/5.jpg;https://16.design.htmlacademy.pro/static/hotel/19.jpg;https://16.design.htmlacademy.pro/static/hotel/4.jpg;https://16.design.htmlacademy.pro/static/hotel/7.jpg;https://16.design.htmlacademy.pro/static/hotel/2.jpg;https://16.design.htmlacademy.pro/static/hotel/7.jpg	true	false	4.6	room	7	9	11357	Towels;Fridge	petrivanov	50.846557	4.351697
Waterfront with extraordinary view	A new spacious villa, one floor. All commodities, jacuzzi and beautiful scenery. Ideal for families or friends.	2024-09-20T15:09:09.688Z	Hamburg	https://16.design.htmlacademy.pro/static/hotel/17.jpg	https://16.design.htmlacademy.pro/static/hotel/11.jpg;https://16.design.htmlacademy.pro/static/hotel/2.jpg;https://16.design.htmlacademy.pro/static/hotel/5.jpg;https://16.design.htmlacademy.pro/static/hotel/14.jpg;https://16.design.htmlacademy.pro/static/hotel/5.jpg;https://16.design.htmlacademy.pro/static/hotel/11.jpg	false	true	3.6	hotel	8	2	89276	Laptop friendly workspace;Baby seat;Washer;Towels;Fridge	ivanpetrov	53.550341	10.000654
Beautiful & luxurious apartment at great location	A new spacious villa, one floor. All commodities, jacuzzi and beautiful scenery. Ideal for families or friends.	2024-09-17T15:09:09.688Z	Cologne	https://16.design.htmlacademy.pro/static/hotel/17.jpg	https://16.design.htmlacademy.pro/static/hotel/1.jpg;https://16.design.htmlacademy.pro/static/hotel/2.jpg;https://16.design.htmlacademy.pro/static/hotel/11.jpg;https://16.design.htmlacademy.pro/static/hotel/11.jpg;https://16.design.htmlacademy.pro/static/hotel/19.jpg;https://16.design.htmlacademy.pro/static/hotel/4.jpg	false	true	3.4	room	2	8	74229	Laptop friendly workspace;Baby seat;Washer;Towels	petrivanov	50.938361	6.959974
Nice, cozy, warm big bed apartment	This is a place for dreamers to reset, reflect, and create. Designed with a 'slow' pace in mind, our hope is that you enjoy every part of your stay; from making local coffee by drip in the morning, choosing the perfect record to put on as the sun sets.	2024-09-19T15:09:09.688Z	Cologne	https://16.design.htmlacademy.pro/static/hotel/1.jpg	https://16.design.htmlacademy.pro/static/hotel/1.jpg;https://16.design.htmlacademy.pro/static/hotel/14.jpg;https://16.design.htmlacademy.pro/static/hotel/7.jpg;https://16.design.htmlacademy.pro/static/hotel/4.jpg;https://16.design.htmlacademy.pro/static/hotel/11.jpg;https://16.design.htmlacademy.pro/static/hotel/2.jpg	true	true	2.9	apartment	4	3	46080	Air conditioning;Laptop friendly workspace;Baby seat;Washer;Towels;Fridge	ivanpetrov	50.938361	6.959974
Wood and stone place	Relax, rejuvenate and unplug in this ultimate rustic getaway experience in the country. In our beautiful screened Pondhouse, you can gaze at the stars and listen to the sounds of nature from your cozy warm bed.	2024-09-17T15:09:09.689Z	Hamburg	https://16.design.htmlacademy.pro/static/hotel/17.jpg	https://16.design.htmlacademy.pro/static/hotel/7.jpg;https://16.design.htmlacademy.pro/static/hotel/11.jpg;https://16.design.htmlacademy.pro/static/hotel/1.jpg;https://16.design.htmlacademy.pro/static/hotel/1.jpg;https://16.design.htmlacademy.pro/static/hotel/5.jpg;https://16.design.htmlacademy.pro/static/hotel/1.jpg	false	false	4.3	room	4	8	36242	Air conditioning;Laptop friendly workspace;Baby seat;Washer	ivanpetrov	53.550341	10.000654
Beautiful & luxurious apartment at great location	I rent out a very sunny and bright apartment only 7 minutes walking distance to the metro station. The apartment has a spacious living room with a kitchen, one bedroom and a bathroom with mit bath. A terrace can be used in summer.	2024-09-21T15:09:09.689Z	Dusseldorf	https://16.design.htmlacademy.pro/static/hotel/1.jpg	https://16.design.htmlacademy.pro/static/hotel/3.jpg;https://16.design.htmlacademy.pro/static/hotel/17.jpg;https://16.design.htmlacademy.pro/static/hotel/14.jpg;https://16.design.htmlacademy.pro/static/hotel/5.jpg;https://16.design.htmlacademy.pro/static/hotel/1.jpg;https://16.design.htmlacademy.pro/static/hotel/17.jpg	true	false	1	apartment	8	9	81504	Breakfast;Air conditioning	vasyapupkin	51.225402	6.776314
Waterfront with extraordinary view	Relax, rejuvenate and unplug in this ultimate rustic getaway experience in the country. In our beautiful screened Pondhouse, you can gaze at the stars and listen to the sounds of nature from your cozy warm bed.	2024-09-20T15:09:09.689Z	Cologne	https://16.design.htmlacademy.pro/static/hotel/11.jpg	https://16.design.htmlacademy.pro/static/hotel/5.jpg;https://16.design.htmlacademy.pro/static/hotel/19.jpg;https://16.design.htmlacademy.pro/static/hotel/19.jpg;https://16.design.htmlacademy.pro/static/hotel/17.jpg;https://16.design.htmlacademy.pro/static/hotel/5.jpg;https://16.design.htmlacademy.pro/static/hotel/2.jpg	false	true	4.5	room	1	6	62759	Air conditioning;Laptop friendly workspace;Baby seat;Washer;Towels;Fridge	vasyapupkin	50.938361	6.959974
Canal View Prinsengracht	This is a place for dreamers to reset, reflect, and create. Designed with a 'slow' pace in mind, our hope is that you enjoy every part of your stay; from making local coffee by drip in the morning, choosing the perfect record to put on as the sun sets.	2024-09-19T15:09:09.689Z	Brussels	https://16.design.htmlacademy.pro/static/hotel/17.jpg	https://16.design.htmlacademy.pro/static/hotel/4.jpg;https://16.design.htmlacademy.pro/static/hotel/4.jpg;https://16.design.htmlacademy.pro/static/hotel/4.jpg;https://16.design.htmlacademy.pro/static/hotel/4.jpg;https://16.design.htmlacademy.pro/static/hotel/2.jpg;https://16.design.htmlacademy.pro/static/hotel/3.jpg	false	true	1.4	hotel	2	10	36788	Towels;Fridge	petrivanov	50.846557	4.351697
Nice, cozy, warm big bed apartment	I rent out a very sunny and bright apartment only 7 minutes walking distance to the metro station. The apartment has a spacious living room with a kitchen, one bedroom and a bathroom with mit bath. A terrace can be used in summer.	2024-09-17T15:09:09.689Z	Hamburg	https://16.design.htmlacademy.pro/static/hotel/1.jpg	https://16.design.htmlacademy.pro/static/hotel/1.jpg;https://16.design.htmlacademy.pro/static/hotel/1.jpg;https://16.design.htmlacademy.pro/static/hotel/17.jpg;https://16.design.htmlacademy.pro/static/hotel/19.jpg;https://16.design.htmlacademy.pro/static/hotel/11.jpg;https://16.design.htmlacademy.pro/static/hotel/4.jpg	true	false	4.1	apartment	2	9	89370	Laptop friendly workspace;Baby seat;Washer;Towels;Fridge	petrivanov	53.550341	10.000654
Beautiful & luxurious apartment at great location	I am happy to welcome you to my apartment in the city center! Three words: location, cosy and chic!	2024-09-17T15:09:09.689Z	Hamburg	https://16.design.htmlacademy.pro/static/hotel/3.jpg	https://16.design.htmlacademy.pro/static/hotel/7.jpg;https://16.design.htmlacademy.pro/static/hotel/19.jpg;https://16.design.htmlacademy.pro/static/hotel/7.jpg;https://16.design.htmlacademy.pro/static/hotel/2.jpg;https://16.design.htmlacademy.pro/static/hotel/11.jpg;https://16.design.htmlacademy.pro/static/hotel/11.jpg	false	true	3.1	hotel	3	8	88716	Washer;Towels;Fridge	vasyapupkin	53.550341	10.000654
Tile House	Relax, rejuvenate and unplug in this ultimate rustic getaway experience in the country. In our beautiful screened Pondhouse, you can gaze at the stars and listen to the sounds of nature from your cozy warm bed.	2024-09-16T15:09:09.689Z	Paris	https://16.design.htmlacademy.pro/static/hotel/17.jpg	https://16.design.htmlacademy.pro/static/hotel/7.jpg;https://16.design.htmlacademy.pro/static/hotel/1.jpg;https://16.design.htmlacademy.pro/static/hotel/17.jpg;https://16.design.htmlacademy.pro/static/hotel/3.jpg;https://16.design.htmlacademy.pro/static/hotel/4.jpg;https://16.design.htmlacademy.pro/static/hotel/3.jpg	false	true	4	house	2	4	22269	Towels;Fridge	vasyapupkin	48.85661	2.351499
Penthouse, 4-5 rooms + 5 balconies	Relax, rejuvenate and unplug in this ultimate rustic getaway experience in the country. In our beautiful screened Pondhouse, you can gaze at the stars and listen to the sounds of nature from your cozy warm bed.	2024-09-15T15:09:09.689Z	Hamburg	https://16.design.htmlacademy.pro/static/hotel/3.jpg	https://16.design.htmlacademy.pro/static/hotel/5.jpg;https://16.design.htmlacademy.pro/static/hotel/19.jpg;https://16.design.htmlacademy.pro/static/hotel/19.jpg;https://16.design.htmlacademy.pro/static/hotel/17.jpg;https://16.design.htmlacademy.pro/static/hotel/19.jpg;https://16.design.htmlacademy.pro/static/hotel/5.jpg	false	true	1.4	house	7	3	84116	Towels;Fridge	ivanpetrov	53.550341	10.000654
Canal View Prinsengracht	A new spacious villa, one floor. All commodities, jacuzzi and beautiful scenery. Ideal for families or friends.	2024-09-20T15:09:09.689Z	Hamburg	https://16.design.htmlacademy.pro/static/hotel/17.jpg	https://16.design.htmlacademy.pro/static/hotel/7.jpg;https://16.design.htmlacademy.pro/static/hotel/4.jpg;https://16.design.htmlacademy.pro/static/hotel/1.jpg;https://16.design.htmlacademy.pro/static/hotel/2.jpg;https://16.design.htmlacademy.pro/static/hotel/7.jpg;https://16.design.htmlacademy.pro/static/hotel/3.jpg	true	false	3.5	house	8	3	30301	Air conditioning;Laptop friendly workspace;Baby seat	ivanpetrov	53.550341	10.000654
Nice, cozy, warm big bed apartment	I am happy to welcome you to my apartment in the city center! Three words: location, cosy and chic!	2024-09-17T15:09:09.689Z	Brussels	https://16.design.htmlacademy.pro/static/hotel/17.jpg	https://16.design.htmlacademy.pro/static/hotel/3.jpg;https://16.design.htmlacademy.pro/static/hotel/7.jpg;https://16.design.htmlacademy.pro/static/hotel/17.jpg;https://16.design.htmlacademy.pro/static/hotel/2.jpg;https://16.design.htmlacademy.pro/static/hotel/4.jpg;https://16.design.htmlacademy.pro/static/hotel/14.jpg	false	true	3.4	apartment	2	6	26992	Fridge	petrivanov	50.846557	4.351697
Waterfront with extraordinary view	Relax, rejuvenate and unplug in this ultimate rustic getaway experience in the country. In our beautiful screened Pondhouse, you can gaze at the stars and listen to the sounds of nature from your cozy warm bed.	2024-09-17T15:09:09.689Z	Hamburg	https://16.design.htmlacademy.pro/static/hotel/3.jpg	https://16.design.htmlacademy.pro/static/hotel/17.jpg;https://16.design.htmlacademy.pro/static/hotel/7.jpg;https://16.design.htmlacademy.pro/static/hotel/7.jpg;https://16.design.htmlacademy.pro/static/hotel/19.jpg;https://16.design.htmlacademy.pro/static/hotel/7.jpg;https://16.design.htmlacademy.pro/static/hotel/11.jpg	false	true	2.9	house	5	1	95372	Air conditioning;Laptop friendly workspace	vasyapupkin	53.550341	10.000654
The Pondhouse - A Magical Place	A new spacious villa, one floor. All commodities, jacuzzi and beautiful scenery. Ideal for families or friends.	2024-09-17T15:09:09.689Z	Amsterdam	https://16.design.htmlacademy.pro/static/hotel/11.jpg	https://16.design.htmlacademy.pro/static/hotel/1.jpg;https://16.design.htmlacademy.pro/static/hotel/7.jpg;https://16.design.htmlacademy.pro/static/hotel/7.jpg;https://16.design.htmlacademy.pro/static/hotel/2.jpg;https://16.design.htmlacademy.pro/static/hotel/19.jpg;https://16.design.htmlacademy.pro/static/hotel/11.jpg	true	true	4.8	room	5	5	13940	Baby seat;Washer;Towels;Fridge	petrivanov	52.370216	4.895168
Canal View Prinsengracht	Relax, rejuvenate and unplug in this ultimate rustic getaway experience in the country. In our beautiful screened Pondhouse, you can gaze at the stars and listen to the sounds of nature from your cozy warm bed.	2024-09-19T15:09:09.689Z	Paris	https://16.design.htmlacademy.pro/static/hotel/3.jpg	https://16.design.htmlacademy.pro/static/hotel/11.jpg;https://16.design.htmlacademy.pro/static/hotel/2.jpg;https://16.design.htmlacademy.pro/static/hotel/5.jpg;https://16.design.htmlacademy.pro/static/hotel/1.jpg;https://16.design.htmlacademy.pro/static/hotel/19.jpg;https://16.design.htmlacademy.pro/static/hotel/7.jpg	false	true	3.4	house	3	2	98066	Laptop friendly workspace;Baby seat	ivanpetrov	48.85661	2.351499
Wood and stone place	I rent out a very sunny and bright apartment only 7 minutes walking distance to the metro station. The apartment has a spacious living room with a kitchen, one bedroom and a bathroom with mit bath. A terrace can be used in summer.	2024-09-21T15:09:09.689Z	Paris	https://16.design.htmlacademy.pro/static/hotel/7.jpg	https://16.design.htmlacademy.pro/static/hotel/19.jpg;https://16.design.htmlacademy.pro/static/hotel/11.jpg;https://16.design.htmlacademy.pro/static/hotel/3.jpg;https://16.design.htmlacademy.pro/static/hotel/17.jpg;https://16.design.htmlacademy.pro/static/hotel/3.jpg;https://16.design.htmlacademy.pro/static/hotel/17.jpg	true	true	1.4	house	6	7	84415	Baby seat;Washer;Towels	ivanpetrov	48.85661	2.351499
Wood and stone place	A new spacious villa, one floor. All commodities, jacuzzi and beautiful scenery. Ideal for families or friends.	2024-09-20T15:09:09.689Z	Cologne	https://16.design.htmlacademy.pro/static/hotel/14.jpg	https://16.design.htmlacademy.pro/static/hotel/19.jpg;https://16.design.htmlacademy.pro/static/hotel/5.jpg;https://16.design.htmlacademy.pro/static/hotel/4.jpg;https://16.design.htmlacademy.pro/static/hotel/3.jpg;https://16.design.htmlacademy.pro/static/hotel/11.jpg;https://16.design.htmlacademy.pro/static/hotel/1.jpg	false	true	1.5	room	1	6	64349	Towels;Fridge	petrivanov	50.938361	6.959974
Tile House	I am happy to welcome you to my apartment in the city center! Three words: location, cosy and chic!	2024-09-18T15:09:09.689Z	Amsterdam	https://16.design.htmlacademy.pro/static/hotel/2.jpg	https://16.design.htmlacademy.pro/static/hotel/4.jpg;https://16.design.htmlacademy.pro/static/hotel/11.jpg;https://16.design.htmlacademy.pro/static/hotel/2.jpg;https://16.design.htmlacademy.pro/static/hotel/2.jpg;https://16.design.htmlacademy.pro/static/hotel/17.jpg;https://16.design.htmlacademy.pro/static/hotel/17.jpg	false	true	2.8	room	3	7	77390	Washer;Towels;Fridge	ivanpetrov	52.370216	4.895168
Waterfront with extraordinary view	I rent out a very sunny and bright apartment only 7 minutes walking distance to the metro station. The apartment has a spacious living room with a kitchen, one bedroom and a bathroom with mit bath. A terrace can be used in summer.	2024-09-18T15:09:09.689Z	Hamburg	https://16.design.htmlacademy.pro/static/hotel/4.jpg	https://16.design.htmlacademy.pro/static/hotel/4.jpg;https://16.design.htmlacademy.pro/static/hotel/1.jpg;https://16.design.htmlacademy.pro/static/hotel/7.jpg;https://16.design.htmlacademy.pro/static/hotel/4.jpg;https://16.design.htmlacademy.pro/static/hotel/7.jpg;https://16.design.htmlacademy.pro/static/hotel/19.jpg	false	true	3.7	house	1	2	46324	Baby seat;Washer;Towels;Fridge	vasyapupkin	53.550341	10.000654
Beautiful & luxurious apartment at great location	A new spacious villa, one floor. All commodities, jacuzzi and beautiful scenery. Ideal for families or friends.	2024-09-19T15:09:09.689Z	Amsterdam	https://16.design.htmlacademy.pro/static/hotel/17.jpg	https://16.design.htmlacademy.pro/static/hotel/1.jpg;https://16.design.htmlacademy.pro/static/hotel/19.jpg;https://16.design.htmlacademy.pro/static/hotel/7.jpg;https://16.design.htmlacademy.pro/static/hotel/2.jpg;https://16.design.htmlacademy.pro/static/hotel/14.jpg;https://16.design.htmlacademy.pro/static/hotel/4.jpg	true	false	3.8	hotel	6	9	68633	Baby seat;Washer;Towels;Fridge	vasyapupkin	52.370216	4.895168
Wood and stone place	Relax, rejuvenate and unplug in this ultimate rustic getaway experience in the country. In our beautiful screened Pondhouse, you can gaze at the stars and listen to the sounds of nature from your cozy warm bed.	2024-09-20T15:09:09.689Z	Hamburg	https://16.design.htmlacademy.pro/static/hotel/19.jpg	https://16.design.htmlacademy.pro/static/hotel/2.jpg;https://16.design.htmlacademy.pro/static/hotel/14.jpg;https://16.design.htmlacademy.pro/static/hotel/19.jpg;https://16.design.htmlacademy.pro/static/hotel/17.jpg;https://16.design.htmlacademy.pro/static/hotel/3.jpg;https://16.design.htmlacademy.pro/static/hotel/2.jpg	false	true	3	house	2	6	57658	Breakfast;Air conditioning;Laptop friendly workspace	petrivanov	53.550341	10.000654
Penthouse, 4-5 rooms + 5 balconies	Relax, rejuvenate and unplug in this ultimate rustic getaway experience in the country. In our beautiful screened Pondhouse, you can gaze at the stars and listen to the sounds of nature from your cozy warm bed.	2024-09-16T15:09:09.690Z	Amsterdam	https://16.design.htmlacademy.pro/static/hotel/19.jpg	https://16.design.htmlacademy.pro/static/hotel/1.jpg;https://16.design.htmlacademy.pro/static/hotel/1.jpg;https://16.design.htmlacademy.pro/static/hotel/3.jpg;https://16.design.htmlacademy.pro/static/hotel/17.jpg;https://16.design.htmlacademy.pro/static/hotel/1.jpg;https://16.design.htmlacademy.pro/static/hotel/4.jpg	false	false	1.4	room	5	10	58899	Laptop friendly workspace;Baby seat;Washer;Towels;Fridge	ivanpetrov	52.370216	4.895168
Canal View Prinsengracht	Relax, rejuvenate and unplug in this ultimate rustic getaway experience in the country. In our beautiful screened Pondhouse, you can gaze at the stars and listen to the sounds of nature from your cozy warm bed.	2024-09-19T15:09:09.690Z	Brussels	https://16.design.htmlacademy.pro/static/hotel/19.jpg	https://16.design.htmlacademy.pro/static/hotel/11.jpg;https://16.design.htmlacademy.pro/static/hotel/7.jpg;https://16.design.htmlacademy.pro/static/hotel/1.jpg;https://16.design.htmlacademy.pro/static/hotel/19.jpg;https://16.design.htmlacademy.pro/static/hotel/17.jpg;https://16.design.htmlacademy.pro/static/hotel/19.jpg	true	false	3	room	7	9	28250	Air conditioning;Laptop friendly workspace;Baby seat;Washer;Towels;Fridge	vasyapupkin	50.846557	4.351697
Beautiful & luxurious apartment at great location	I am happy to welcome you to my apartment in the city center! Three words: location, cosy and chic!	2024-09-18T15:09:09.690Z	Amsterdam	https://16.design.htmlacademy.pro/static/hotel/3.jpg	https://16.design.htmlacademy.pro/static/hotel/1.jpg;https://16.design.htmlacademy.pro/static/hotel/17.jpg;https://16.design.htmlacademy.pro/static/hotel/2.jpg;https://16.design.htmlacademy.pro/static/hotel/7.jpg;https://16.design.htmlacademy.pro/static/hotel/7.jpg;https://16.design.htmlacademy.pro/static/hotel/19.jpg	true	false	2	room	7	8	9212	Laptop friendly workspace;Baby seat;Washer;Towels;Fridge	petrivanov	52.370216	4.895168
Wood and stone place	A new spacious villa, one floor. All commodities, jacuzzi and beautiful scenery. Ideal for families or friends.	2024-09-16T15:09:09.690Z	Hamburg	https://16.design.htmlacademy.pro/static/hotel/3.jpg	https://16.design.htmlacademy.pro/static/hotel/1.jpg;https://16.design.htmlacademy.pro/static/hotel/4.jpg;https://16.design.htmlacademy.pro/static/hotel/7.jpg;https://16.design.htmlacademy.pro/static/hotel/19.jpg;https://16.design.htmlacademy.pro/static/hotel/7.jpg;https://16.design.htmlacademy.pro/static/hotel/11.jpg	true	true	2.2	hotel	7	1	64251	Laptop friendly workspace;Baby seat;Washer;Towels;Fridge	vasyapupkin	53.550341	10.000654
Penthouse, 4-5 rooms + 5 balconies	Relax, rejuvenate and unplug in this ultimate rustic getaway experience in the country. In our beautiful screened Pondhouse, you can gaze at the stars and listen to the sounds of nature from your cozy warm bed.	2024-09-15T15:09:09.690Z	Brussels	https://16.design.htmlacademy.pro/static/hotel/3.jpg	https://16.design.htmlacademy.pro/static/hotel/19.jpg;https://16.design.htmlacademy.pro/static/hotel/1.jpg;https://16.design.htmlacademy.pro/static/hotel/1.jpg;https://16.design.htmlacademy.pro/static/hotel/1.jpg;https://16.design.htmlacademy.pro/static/hotel/4.jpg;https://16.design.htmlacademy.pro/static/hotel/19.jpg	false	true	2.6	house	3	1	75485	Washer;Towels;Fridge	petrivanov	50.846557	4.351697
